Sibert,
Malek,
Haines,
Huynh,
Harrison,
Karrah,
Chaffin,
Fonseka,
Haworth,
Esposito,
Villareal,
Overzet,
Panahi,
Downey,
Macfarlane,
Bearry,
Mili,
Rasmussen,
Assmann,
Thielemann,
Abdi,
Argyros,
Berliner,
Boltrushek,
Channell,
Chapman,
Cohen,
Cooper,
Bender,
Salter,
Zakhidov,
Berry,
Cotton,
Chizeck,
Robinson,
Sanchez,
McCracken,
Melton,
Watanabe,
Richard,
Dieckmann,
McNulty,
Beron,
Moltz,
Biewer,
Zhang,
Rockett,
Savitz,
Prager,
Jacobs,
Goodness,
Mortenson,
Daescu,
Ho,
Bray,
Barclay,
Adams,
Allum,
Troutman,
Curry,
Gartstein,
Seekri,
Lacambra,
Nourani,
Chung,
Rutford,
Wissinger,
Cullen,
Redman,
Methenitis,
Fass,
Goode,
Manton,
Saquib,
Vargus,
Nair,
Metz,
Dubnov,
Otoole,
Towner,
Oliff,
Ng,
Stewart,
Woodard,
Bambach,
Hafer,
Thompson,
Dholakia,
Aldridge,
Harabagiu,
Tacca,
Kramer,
Gurun,
Barfoot,
Jerger,
Housson,
Lutze,
Fisher,
Szwejkowski,
Monger,
Khan,
Bell,
Underwood,
Spence,
Rabe,
Earle,
Andreescu,
Robinson,
Lomber,
Dess,
Tullock,
MacAlevey,
Marquart,
Kilgard,
Cotter,
Arbery,
Perrotti,
Atzori,
Gupta,
Penard,
King,
Holovchenko,
Hanlon,
Pazdral,
Marshall,
Kane,
Ahn,
Manes,
Stott,
Mills,
Turner,
Chandler,
Linsteadt,
Cready,
Blair,
Goux,
Jackson,
Bowden,
Stoneback,
Ismail,
Hicks,
Schulte,
Lewin,
Ezzet,
Sachs,
Rankin,
Kraynick,
Downing,
Brunell,
Russo,
Garrison,
Lingo,
Majumdar,
Gentsch,
Liu,
Jue,
Polk,
Bruce,
Borovkov,
Sullivan,
Day,
Dover,
Miller,
Chung,
Dawande,
Scott,
Bihari,
Dave,
Ozden,
Kalyanaraman,
Eckel,
McElroy,
Seldon,
Sharma,
Koshevnik,
Zhonglan,
Lambert,
Wilson,
Holmes,
Ghani,
Polkovnichenko,
Patel,
Miles,
Jakobsson,
Bryan,
Cavusoglu,
Heroy,
Katz,
Tamil,
Barden,
Watts,
Johannson,
Ridge,
Siqueira,
Cook,
Fagg,
Xinmie,
Franzen,
Nickerson,
Lane,
Wang,
Briante,
Boots,
Gossin,
Nason,
May,
Curtin,
Schaefers,
Liu,
Allen,
Pederson,
Bulla,
Manica,
Roemer,
Wood,
Richard,
Gaither,
McIntyre,
Daniel,
Reese,
Gotkan,
Ramachandran,
Holub,
Anderson,
Marsh,
Miller,
Vora,
Ozsvath,
Bortz,
Lacy,
Stilwell,
Wells,
Worrall,
Turner,
Blankenship,
Greenwald,
Rahman,
Liu,
Atahan,
Basu,
Buckley,
Cole,
Neal,
Ying,
Zhang,
Camuel,
Sangireddy,
Reitzer,
Draper,
Volanto,
Qamar,
Serfling,
Rollins,
Akalin,
Mitterer,
Butler,
Izen,
Caldwell,
Kehoe,
Siklar,
Wong,
Ring,
Cakanyildirim,
Hahn,
Gabel,
Horn,
Cangussu,
McConnell,
Pathrose,
Umit,
Moller,
Reynolds,
Riccio,
Leek,
Walker,
Zhou,
Rigdon,
Fassler,
Short,
Hiltz,
Arbuckle,
Biswas,
Jenkins,
Barnes,
Burr,
Allen,
Vanbeveren,
Choate,
Casey,
Yue,
Robb,
Turcu,
Chi,
Park,
Fenyves,
Maguire,
Kim,
Wan,
Keith,
Bernardin,
Washington,
McGhee,
Muslu,
Rausch,
Kantarcioglu,
Anderson,
Breen,
Harpham,
Champagne,
Xia,
Prabhakaran,
Dennis,
Bhardawaj,
Nelson,
Hilton,
Barnes,
Salk,
Zhou,
Reed,
Thompson,
Brandt,
Altuna,
Murdoch,
Malko,
Krawczyk,
Bennett,
Shi,
Springate,
Markoczy,
Parker,
Oberholtzer,
Sandler,
Ho,
Hao,
Asunur,
Mehrotra,
Caudill,
Bhatt,
Tsang,
Fechter,
Deluke,
Miller,
Polzer,
Walsh,
Vieraitis,
Kovandzic,
Jafari,
Finkleman,
Skaggs,
Cross,
Anderson,
Swamidoss,
Lee,
Verrill,
Kratz,
Mahdjoubi,
Aaron,
Liu,
Thouin,
Yamakawa,
Dickinson,
Frost,
Sechen,
Nosratinia,
Jarrell,
Combs,
Ingrao,
Bell,
Parry,
Carver,
Fa,
Kim,
Weiner,
Rajasekaran,
Farago,
Taylor,
Burnham,
Loizou,
Donnelly,
Turi,
Li,
Hatzivassiloglou,
Bywaters,
Watson,
Arkali,
Tian,
Gonzalez,
Cobb,
Kehtarnavaz,
Thompson,
Dabkowski,
MacKenzie,
Calvin,
Serebrianik,
Hadjebian,
Ghosh,
Dimitry,
Miller,
Neal,
Christiansen,
Chandrasekaran,
Ford,
Cao,
Clarke,
Cordell,
Evans,
Hedstrom,
Rollerson,
Donald,
Gold,
Rodrigue,
Pohl,
Pettineo,
Zheng,
Davis,
Minn,
Dabkowska,
Enthoven,
Keefe,
Miller,
Zhang,
Stefan,
Schlobohm,
Kelleher,
Bowen,
Soysal,
Leaf,
Hamlen,
Friedmann,
Rypma,
Lees,
Canfield,
Hooshyar,
McFarland,
Trent,
Lapthisophon,
Dial,
Stephens,
Pervin,
Shorey,
Hoffman,
Kolar,
Taenzler,
Frome,
Jabr,
Dryburgh,
Uroda,
Savoie,
Martin,
Frazier,
Gunin,
Flannery,
Kieschnick,
Zentner,
Bardhan,
Wilson,
Childress,
Jackson,
Ozsvath,
Garrett,
Lim,
Buechler,
Pedigo,
Kasra,
Dixon,
Evans,
Farrar,
Rosen,
Day,
Bochsler,
Vakulenko,
Johnson,
RU,
Subramanian,
Mortensen,
Jordan,
Morris,
Tran,
Choudhary,
Hearn,
Guo,
Nasser,
Day,
Nermine,
Cao,
Lin,
Dewitte,
Hutcheson,
Spiro,
Murphy,
Bressler,
Dean,
McMillin,
Kisunzu,
Gans,
Alsobrook,
Gooch,
Hagge,
Lee,
Richards,
Rajamani,
Murchison,
Edera,
Patterson,
Bhowmik,
Carare,
Ramanathan,
Larue,
Ghoshal,
Markov,
Janakiraman,
Kravet,
Files,
Long,
Waligore,
Jang,
Vincent,
Kapoor,
Hoppe,
Richards,
Mabe,
Nielsen,
Zheng,
Reichert,
Byrnes,
Ryan,
Krawcewicz,
Sarac,
Dalgic,
Salter,
Khan,
Brackin,
Blackburn,
Dianna,
Venkatesan,
Sasson,
Khafizov,
Prasad,
Smith,
Zielke,
Fettouh,
Andrews,
Zhang,
Hazzard,
Ragozzino,
Moore,
Solcher,
Morris,
Mullins,
Cirillo,
Gelb,
Michaelson,
Kluzniak,
Hagstrom,
Jones,
Barnes,
Yount,
Henson,
Johnston,
Balanov,
Wiorkowski,
Zhao,
Davis,
Edsel,
Hu,
Saber,
Kinne,
Petrovich,
Parker,
Pickett,
Kromer,
Rebello,
Yeeles,
Porter,
Schlereth,
Slinker,
McCary,
WU,
Culvert,
Zhou,
Banerjee,
Garst,
Rajapakshe,
Morley,
Jeudi,
Karrah,
Wood,
Voit,
Stephens,
Cohen,
Connolly,
Kondas,
Straach,
Pantano,
Bartula,
Rios,
Tobey,
Farazmirad,
Steel,
Whetstone,
Salamasick,
Maxwell,
Goeckner,
Lineros,
Royall,
LU,
Speck,
Gibson,
Derdeyn,
Busso,
MA,
Bishopp,
Subasi,
Zhou,
Akbar,
Baron,
MA,
Pickens,
Liang,
Cantrell,
Simpson,
Orrick,
Brown,
Liebowitz,
Rennaker,
Chiu,
Renken,
Howell,
Stover,
Goldberg,
Ritchey,
Hale,
Lehmann,
Myrick,
Stone,
Evans,
William,
Ryu,
Bakshi,
Razo,
Miller,
Cheng,
Martini,
Clegg,
Thuraisingham,
Sauerwald,
Kiel,
Whelan,
Gurun,
Humphreys,
Kroener,
Renker,
Miller,
Glosser,
LI,
McCuistion,
Chasteen,
Frensley,
Singh,
Hagen,
Chastain,
McLure,
Diamond,
McNabb,
Smith,
Filbey,
Ploski,
Hicks,
Lin,
Gable,
Nelson,
Lawson,
Koshnevik,
Lalani,
Terlizzese,
Bondurant,
Brewer,
Connell,
Song,
Bao,
Hall,
Sanderson,
Haydel,
Murchison,
Wolfson,
Natarajan,
Cunningham,
Ganglmair,
Tseng,
Kumas,
Grant,
Fleming,
Urquhart,
Golden,
Kiser,
HE,
Famiglieti,
Choi,
Hassanipour,
Cohen,
Lanier,
Chen,
Barger,
Birchfield,
Clarke,
Moldovan,
NA,
Lewis,
Weiland,
Namgoong,
Jiang,
Cheney,
Christopher,
XU,
Dorsey,
Nowacki,
Kumar,
Hsu,
Ratchford,
Watson,
Menon,
Stevens,
Knight,
Daniels,
Lanham,
Assaad,
Muharremoglu,
Hogan,
Decourcy,
Jones,
Bleris,
Braun,
Kaan,
Girju,
Ruch,
Zydorek,
Miron,
Ellington,
Palmer,
Tillman,
Anjum,
Wells,
Manzo,
Baynham,
Basak,
Mutlu,
Stobb,
Cankaya,
Stein,
MacK,
Nersesova,
Ruhl,
Landrum,
Janakiraman,
Hodan,
White,
Jenkins,
Zhang,
Lee,
McWilliams,
Dombroski,
Zhuang,
Hong,
Ying,
Efromovich,
Norris,
Cochran,
Minkoff,
Franklin,
Ali,
Boudreaux,
Saba,
Gnade,
Seida,
Mezenner,
Valente,
Garrett,
Noland,
Gokalp,
Shah,
Prieto,
MO,
Turk,
Benavides,
Kaplan,
Johnson,
Dowling,
Wilson,
Bulut,
McMahan,
Muehlenbein,
Kebrle,
Rosen,
Weir,
Hurst,
Harrison,
Prasad,
Nichols,
Smith,
Bonifert,
Gray,
Yagneswaran,
Devries,
Nguyen,
White,
Desmedt,
King,
Parker,
Ehrenreich,
Olsztynska,
Farmer,
Starnaman,
Perera,
Lee,
Sutherlin,
Mookerjee,
Steadham,
Smaldone,
Rodrigue,
Gupta,
Saeedloei,
Coppersmith,
Saretto,
Brettell,
Birch,
Clark,
Nguyen,
Crespin,
Saccon,
Adler,
Strijnev,
Clipper,
Gogate,
Cassil,
Sharghi,
Ferguson,
Berger,
Powers,
Narayan,
Byun,
Wilt,
Pitz,
Zisman,
Akuoko,
Pourkamali,
Taylor,
Williamson,
Sankalia,
Acosta,
Byrd,
Wig,
Mittal,
Rachinskiy,
Bruce,
Qin,
Tinsley,
Lockhart,
Yehuda,
Mehta,
Pradhan,
Edgington,
Mutlu,
Nguyen,
Ayvaci,
Guttery,
Liu,
Shen,
Sachs,
Blueshtein,
Schauer,
Siddiquee,
Naz,
Makris,
Shakil,
Florence,
Uribe,
LI,
Gel,
Nazir,
Leonardi,
Hill,
Henson,
Amirpour,
Alimirzaei,
Smith,
Winkler,
Wang,
Taylor,
Kaiser,
Root,
Miller,
Lee,
Xia,
Martin,
Jo,
Wang,
Kidwell,
Hanson,
Torlak,
Hinojosa,
Zhang,
McComber,
Ladow,
Bhatia,
Gupta,
Hilkert,
Bakhtiari,
Yuruk,
Mussa,
Vargas,
Kim,
Swearingen,
Netsch,
Johnson,
Wright,
Chatterjee,
Kularatne,
Honka,
Chawla,
Addante,
Shilpakar,
Biswas,
Din,
Luo,
Egan,
Chen,
Durham,
Milbauer,
Li,
Iliev,
Reid,
Wunder,
Soliday,
Kirkendall,
Kinney,
Piquero,
Raza,
Isham,
Gupta,
Swartz,
Li,
Kimzey,
Ferecatu,
Iliev,
Zhang,
Zhao,
Angelus,
He,
Prieto,
Miller,
Balakrishnan,
Zhou,
Li,
Baker,
Laksnarain,
Vanneste,
Weiss,
Perkins,
Wardlaw,
George,
Jackson,
Ram,
George,
Zhang,
Dearing,
Ray,
Sadri,
Delk,
Yasmin,
Namin,
Tadesse,
Qian,
Hodges,
Tran,
Carlson,
Duncan,
Goldstein,
Rice,
Norwood,
Zia,
Eldridge,
Price,
Vidyasagar,
Kalam,
Bardhan,
Akin,
Alixandre,
Petrovic,
Bhattacharjee,
Foltz,
Conrad,
Hussain,
Straus,
Arnold,
Kennedy,
Venkatasubramanian,
Salisbury,
Williams,
Lee,
Donaldson,
Holcomb,
Polkovnichenko,
Khoobroo,
Hicks,
Davtyan,
Vlas,
Henderson,
Hawkins,
Seeligson,
Chattopadhyay,
Crowder,
Schlobohm,
Fischetti,
Reeves,
Lee,
Labar,
Xie,
Acharya,
Ye,
Stewart,
Saifee,
Assmann,
Nie,
Armijo,
Amaro,
Bharadwaj,
Hanisko,
Meda,
Zhang,
Gamino,
Meitl,
Harkins,
Boyer,
Galia,
Qin,
Narasimhan,
Albanna,
Miller,
Connell,
Chatterjee,
Goodman,
Hu,
Nagar,
Cummings,
Pahwa,
Kane,
Simsek,
Mauriello,
Naseri,
Sohaee,
Cai,
Wenkstern,
Senevirathne,
McKenzie,
Farmer,
Walker,
Kucker,
Solcher,
Canby,
Polze,
Manzi,
Dussor,
Gorina,
Harrington,
Walker,
Ruozzi,
Coleman,
Booker,
Cho,
Raman,
Aseri,
Dufour,
Lee,
Dogan,
Parikh,
Kuksov,
Zettler,
Walker,
Wang,
Henderson,
Tang,
Compton,
Ma,
Wells,
Liu,
Stark,
Aubrey,
Li,
Ali,
Wright,
Farmer,
Gerard,
Corbin,
Herzig,
Fry,
Valcarcel,
Flicker,
Weekley,
Kelley,
Patton,
O,
MacDonald,
Layne,
Chabal,
Hiott,
Roby,
Hayenga,
Gregory,
Egan,
Cornelius,
Kimzey,
Berezovik,
Chen,
Kline,
Round,
Jenkins,
Doore,
Parks,
Mueller,
Cologlu,
Harper,
Moghrabi,
Minnish,
Nelson,
Egan,
Kumar,
Davis,
Stewart,
Kaur,
Cook,
Wijenayake,
Summers,
McVay,
Ulatowska,
Ahluwalia,
Earle,
Henderson,
Field,
Reid,
Owens,
Sandon,
Fadda,
Li,
Trosper,
Breault,
Ballard,
Auciello,
Copeland,
Nanda,
Li,
Hooshyar,
Hsu,
Raman,
Noyes,
Minary,
Beauchamp,
Sengupta,
Changphao,
Gathman,
Molina,
Hess,
Lippincott,
Grohman,
Majewicz,
Petty,
Sun,
Harris,
Smallwood,
Polze,
Waldu,
Peinhardt,
Lary,
Lumata,
Feng,
Deza,
Sun,
Pacyna,
Durant,
Chen,
Ladd,
Zweck,
Lv,
Ozer,
McBride,
McAfee,
Hasenhuttl,
Griffith,
Miranda,
Lahiri,
Qi,
Raghunathan,
Levene,
Baughn,
Saeed,
Dahal,
Sra,
Meyer,
Dejong,
Evans,
Lewis,
Stone,
McLean,
Carcea,
Crook,
Thompson,
Honhon,
Werhnyak,
Li,
Betanzos,
Kiasaleh,
Rippel,
Montgomery,
Chaney,
Farage,
Shields,
Li,
Lester,
Juhn,
Cortes,
Alborz,
Gu,
Miu,
Pan,
Stecke,
Hairston,
Sarkar,
Woldu,
Arce,
Alexander,
Bereg,
XU,
Johnson,
Torres,
Peng,
Brody,
Templeton,
Martynova,
Edgar,
Pujana,
Kaplan,
Busch,
Goodrum,
Egan,
Medrick,
Lambert,
Banner,
Vance,
McCullough,
Schulze,
Islam,
Slaughter,
Case,
Terranova,
Blakey,
Chen,
Sapozhnikov,
Kirkland,
Brinkley,
Geng,
Makarenkov,
Pfister,
Eydelzon,
Hashim,
Baker,
Smith,
Panapitiya,
Khan,
Khan,
Morcos,
Agulnek,
Winter,
Srikanth,
Lookadoo,
Rajendran,
Polk,
Hennigan,
Patel,
Richardson,
Sethi,
Rankin,
Deignan,
Curchack,
Owens,
Sluder,
Warren,
Burnett,
Lambert,
Herndon,
Hatfield,
Kohankie,
Raghavachari,
Chida,
Ahsan,
Brandenburg,
Gavva,
McIntosh,
Wu,
Oladimeji,
Sutton,
Durbin,
Amato,
Rugg,
Baranchuk,
Bargerhuff,
Stanford,
Anderson,
Muslu,
Griffin,
Radhakrishnan,
Schich,
Morales,
Stern,
Griffin,
Aiken,
Oldow,
Ketsler,
Pettengill,
Hefley,
Paulk,
Hays,
Wilson,
Booker,
Osawa,
Perkins,
Vogel,
Bradbury,
Tiefelsdorf,
Wu,
Biswas,
Elliott,
Hennessy,
Qin,
Rajaratnam,
Smith,
Thompson,
Cogan,
Celander,
Zolton,
Zhang,
Wei,
Brussolo,
Marchant,
Thompson,
Veerasamy,
Pinkham,
Santrock,
Touchstone,
Carraher,
Lou,
Lowry,
Saad,
Fahimi,
Dodge,
Konietschke,
Thompson,
Brikowski,
Mookerjee,
Palmer,
Hannig,
Ramirez,
Semper,
Sutton,
Yan,
Larue,
Zheng,
Glauser,
Candas,
Leach,
Whalen,
Hughes,
Hudson,
Zheng,
Ozbirn,
Loving,
Tady,
Camacho,
Ritchey,
Guler,
Berret,
Shazia,
Dumas,
Hickman-Riggs,
Lavin-Loucks,
Ayala-Torres,
Vijverberg,
Dowling,
Hans-Joachim,
O'Brien,
El-Ashmawi,
Laurent-Simpson,
Young,
McFarlin Jr.,
El-Ashmawi,
Has-Ellison,
Goodrich,
Du,
O'Brien,
Van Ness,
Coplin,
Haines,
Watson,
Ishak-Boushaki,
Youngblood Pollock,
D'Mello,
Al-Dhahir,
Chapman-Green,
Lee,
Gu,
El-Komi,
I-Ling,
El Sissi,
El-Sissi,
Reed,
Duquaine-Watson,
Javadova-Spitzberg,
Candelo Londono,
Labastida,
Lin,
Yu,
Battaglio, Jr.,
Langarica-Prieto,
Okulicz-Kozaryn,
Tillman,
Savant,
Nguyen,
Malek-Ahmadi,
Bost-Sandberg,
Nelson-Taylor,
Webb,
Gao,
Su,
MU,
Lin,
Maier,
Fan,
De Frias,
Chiu,
Alpert,
Ackerman,
Bordelon,
El Sayed,
Cherbonneau,
Zalila-Wenkstern,
Culver,
Kirtzic,
Burk,
Bowman,
Rodrigues,
Cardenas,
Craft,
De La Plata,
Niu,
Weng,
Hinkley,
B.C. Rodrigues,
Ha,
Poucher,
Frazier,
Belkoura,
Mccaskill,
Orrick,
Newcomb,
Salazar,
Rao,
Anderson,
Huang,
Kesden,
Geissman,
LE,
McNulty,
Murthi,
Hayaud-Din,
Anestaki,
Warner-Czyz,
Bc,
Morán González,
Helms,
Lee,
Oh,
Ertan,
Jimenez-Justiniano,
Smallwood,
Bender,
Files,
Carraher,
Weeren,
Polk,
DeLeon-Taylor,
Pickens,
You,
Kaya,
Finkelman,
Rodriguez,
Jordan,
Sherman,
McCaskill,
Khoubrouy,
Picken,
Lester,
Brettel,
Segovia,
Wu,
Poindexter Swaim,
D'Orazio,
Al-Habashneh,
Roark,
Zhang,
Hinson-Enslin,
Graber,
Min,
Madonna,
Von Drathen,
Patton,
Wallace,
Barton,
Bae,
Iungo,
Frost,
Kim,
Bastani,
Dickinson,
Gresham Lancaster,
O'Toole,
Borazjany,
Owens,
Thamban,
Kuo,
Carlsen-Landy,
d'arcy,
Nam,
Huxtable-Jester,
Foley,
Davis,
Hernandez-Katz,
Jung,
Saar-Hambazaza,
McCrady,
Min,
Quan,
Lee,
Van Ness,
Rivera Mesias,
Soncodi,
drew,
Austin-Bolt,
Ozel,
